{
  "version": 1,
  "width": 80,
  "height": 24,
  "duration": 14.576936,
  "command": null,
  "title": null,
  "env": {
    "TERM": "xterm-256color",
    "SHELL": "/bin/bash"
  },
  "stdout": [
    [
      0.340762,
      "\u001b]777;notify;Command completed;snactor -h\u0007\u001b]0;evilissimo@actor-developer:~/devel\u0007\u001b]7;file://actor-developer/home/evilissimo/devel\u0007"
    ],
    [
      0.000778,
      "\u001b[0;38;5;231;48;5;31;1m evilissimo \u001b[0;38;5;31;48;5;74;22m \u001b[0;38;5;231;48;5;74m(e) tut \u001b[0;38;5;74;48;5;240;22m \u001b[0;38;5;250;48;5;240m~ \u001b[0;38;5;245;48;5;240;22m \u001b[0;38;5;252;48;5;240;1mdevel \u001b[0;38;5;240;49;22m \u001b[0m"
    ],
    [
      3.0,
      "s"
    ],
    [
      0.127517,
      "n"
    ],
    [
      0.062954,
      "a"
    ],
    [
      0.080655,
      "c"
    ],
    [
      0.223862,
      "t"
    ],
    [
      0.095576,
      "o"
    ],
    [
      0.072621,
      "r"
    ],
    [
      0.223353,
      " "
    ],
    [
      0.184024,
      "n"
    ],
    [
      0.048394,
      "e"
    ],
    [
      0.072212,
      "w"
    ],
    [
      0.167613,
      "-"
    ],
    [
      0.199656,
      "p"
    ],
    [
      0.152332,
      "r"
    ],
    [
      0.06411,
      "o"
    ],
    [
      0.16817,
      "j"
    ],
    [
      0.175969,
      "e"
    ],
    [
      0.072016,
      "c"
    ],
    [
      0.216407,
      "t"
    ],
    [
      0.679167,
      " "
    ],
    [
      0.480713,
      "t"
    ],
    [
      0.038864,
      "u"
    ],
    [
      0.128824,
      "t"
    ],
    [
      0.103785,
      "o"
    ],
    [
      0.08755,
      "r"
    ],
    [
      0.104604,
      "i"
    ],
    [
      0.111442,
      "a"
    ],
    [
      0.064159,
      "l"
    ],
    [
      0.168808,
      "\r\n"
    ],
    [
      3.0,
      "New project tutorial has been created in /home/evilissimo/devel/tutorial"
    ],
    [
      9.2e-05,
      "\r\n"
    ],
    [
      0.03755,
      "\u001b]777;notify;Command completed;snactor new-project tutorial\u0007\u001b]0;evilissimo@actor-developer:~/devel\u0007\u001b]7;file://actor-developer/home/evilissimo/devel\u0007"
    ],
    [
      0.000678,
      "\u001b[0;38;5;231;48;5;31;1m evilissimo \u001b[0;38;5;31;48;5;74;22m \u001b[0;38;5;231;48;5;74m(e) tut \u001b[0;38;5;74;48;5;240;22m \u001b[0;38;5;250;48;5;240m~ \u001b[0;38;5;245;48;5;240;22m \u001b[0;38;5;252;48;5;240;1mdevel \u001b[0;38;5;240;49;22m \u001b[0m"
    ],
    [
      1.755536,
      "c"
    ],
    [
      0.056205,
      "d"
    ],
    [
      0.11192,
      " "
    ],
    [
      0.1761,
      "t"
    ],
    [
      0.071842,
      "u"
    ],
    [
      0.088092,
      "t"
    ],
    [
      0.128072,
      "o"
    ],
    [
      0.103521,
      "r"
    ],
    [
      0.104696,
      "i"
    ],
    [
      0.079521,
      "a"
    ],
    [
      0.119658,
      "l"
    ],
    [
      0.185542,
      "\r\n"
    ],
    [
      0.022103,
      "\u001b]777;notify;Command completed;cd tutorial\u0007\u001b]0;evilissimo@actor-developer:~/devel/tutorial\u0007\u001b]7;file://actor-developer/home/evilissimo/devel/tutorial\u0007"
    ],
    [
      0.000972,
      "\u001b[0;38;5;231;48;5;31;1m evilissimo \u001b[0;38;5;31;48;5;74;22m \u001b[0;38;5;231;48;5;74m(e) tut \u001b[0;38;5;74;48;5;240;22m \u001b[0;38;5;250;48;5;240m~ \u001b[0;38;5;245;48;5;240;22m \u001b[0;38;5;250;48;5;240mdevel \u001b[0;38;5;245;48;5;240;22m \u001b[0;38;5;252;48;5;240;1mtutorial \u001b[0;38;5;240;49;22m \u001b[0m"
    ],
    [
      0.319559,
      "l"
    ],
    [
      0.088379,
      "s"
    ],
    [
      0.087245,
      " "
    ],
    [
      0.112463,
      "-"
    ],
    [
      0.112434,
      "a"
    ],
    [
      0.07342,
      "\r\n"
    ],
    [
      0.000674,
      "\u001b[0m\u001b[38;5;33m.\u001b[0m  \u001b[38;5;33m..\u001b[0m  \u001b[38;5;33m.leapp\u001b[0m"
    ],
    [
      7.3e-05,
      "\r\n"
    ],
    [
      0.022569,
      "\u001b]777;notify;Command completed;ls -a\u0007\u001b]0;evilissimo@actor-developer:~/devel/tutorial\u0007\u001b]7;file://actor-developer/home/evilissimo/devel/tutorial\u0007"
    ],
    [
      0.000963,
      "\u001b[0;38;5;231;48;5;31;1m evilissimo \u001b[0;38;5;31;48;5;74;22m \u001b[0;38;5;231;48;5;74m(e) tut \u001b[0;38;5;74;48;5;240;22m \u001b[0;38;5;250;48;5;240m~ \u001b[0;38;5;245;48;5;240;22m \u001b[0;38;5;250;48;5;240mdevel \u001b[0;38;5;245;48;5;240;22m \u001b[0;38;5;252;48;5;240;1mtutorial \u001b[0;38;5;240;49;22m \u001b[0m"
    ]
  ]
}