{
  "version": 1,
  "width": 80,
  "height": 24,
  "duration": 32.432367,
  "command": null,
  "title": null,
  "env": {
    "TERM": "xterm-256color",
    "SHELL": "/bin/bash"
  },
  "stdout": [
    [
      0.329034,
      "\u001b]777;notify;Command completed;ls -a\u0007\u001b]0;evilissimo@actor-developer:~/devel/tutorial\u0007\u001b]7;file://actor-developer/home/evilissimo/devel/tutorial\u0007"
    ],
    [
      0.001445,
      "\u001b[0;38;5;231;48;5;31;1m evilissimo \u001b[0;38;5;31;48;5;74;22m \u001b[0;38;5;231;48;5;74m(e) tut \u001b[0;38;5;74;48;5;240;22m \u001b[0;38;5;250;48;5;240m~ \u001b[0;38;5;245;48;5;240;22m \u001b[0;38;5;250;48;5;240mdevel \u001b[0;38;5;245;48;5;240;22m \u001b[0;38;5;252;48;5;240;1mtutorial \u001b[0;38;5;240;49;22m \u001b[0m"
    ],
    [
      2.95934,
      "s"
    ],
    [
      0.094885,
      "n"
    ],
    [
      0.079795,
      "a"
    ],
    [
      0.032001,
      "c"
    ],
    [
      0.224415,
      "t"
    ],
    [
      0.09504,
      "o"
    ],
    [
      0.096561,
      "r"
    ],
    [
      0.128287,
      " "
    ],
    [
      0.5686,
      "n"
    ],
    [
      0.063648,
      "e"
    ],
    [
      0.055012,
      "w"
    ],
    [
      0.240678,
      "-"
    ],
    [
      0.072334,
      "t"
    ],
    [
      0.120432,
      "a"
    ],
    [
      0.087439,
      "g"
    ],
    [
      0.112156,
      " "
    ],
    [
      0.110997,
      "-"
    ],
    [
      0.160671,
      "h"
    ],
    [
      0.145832,
      "\r\n"
    ],
    [
      3.0,
      "Usage: snactor new-tag [OPTIONS] TAG_NAME"
    ],
    [
      9.5e-05,
      "\r\n"
    ],
    [
      4.2e-05,
      "\r\n"
    ],
    [
      3.9e-05,
      "Options:"
    ],
    [
      4.9e-05,
      "\r\n"
    ],
    [
      4.8e-05,
      "  -h, --help  Show this message and exit."
    ],
    [
      3.9e-05,
      "\r\n"
    ],
    [
      0.031733,
      "\u001b]777;notify;Command completed;snactor new-tag -h\u0007\u001b]0;evilissimo@actor-developer:~/devel/tutorial\u0007\u001b]7;file://actor-developer/home/evilissimo/devel/tutorial\u0007"
    ],
    [
      0.000978,
      "\u001b[0;38;5;231;48;5;31;1m evilissimo \u001b[0;38;5;31;48;5;74;22m \u001b[0;38;5;231;48;5;74m(e) tut \u001b[0;38;5;74;48;5;240;22m \u001b[0;38;5;250;48;5;240m~ \u001b[0;38;5;245;48;5;240;22m \u001b[0;38;5;250;48;5;240mdevel \u001b[0;38;5;245;48;5;240;22m \u001b[0;38;5;252;48;5;240;1mtutorial \u001b[0;38;5;240;49;22m \u001b[0m"
    ],
    [
      2.301762,
      "s"
    ],
    [
      0.112549,
      "n"
    ],
    [
      0.064134,
      "a"
    ],
    [
      0.087955,
      "c"
    ],
    [
      0.311953,
      "t"
    ],
    [
      0.16797,
      "o"
    ],
    [
      0.063937,
      "r"
    ],
    [
      0.183604,
      " "
    ],
    [
      0.503677,
      "n"
    ],
    [
      0.081123,
      "e"
    ],
    [
      0.05487,
      "w"
    ],
    [
      0.207905,
      "-"
    ],
    [
      0.104617,
      "t"
    ],
    [
      0.120595,
      "a"
    ],
    [
      0.103704,
      "g"
    ],
    [
      0.127149,
      " "
    ],
    [
      3.0,
      "S"
    ],
    [
      0.222977,
      "c"
    ],
    [
      0.113243,
      "a"
    ],
    [
      0.110804,
      "n"
    ],
    [
      3.0,
      "\r\n"
    ],
    [
      3.0,
      "\u001b]777;notify;Command completed;snactor new-tag Scan\u0007\u001b]0;evilissimo@actor-developer:~/devel/tutorial\u0007\u001b]7;file://actor-developer/home/evilissimo/devel/tutorial\u0007"
    ],
    [
      0.001069,
      "\u001b[0;38;5;231;48;5;31;1m evilissimo \u001b[0;38;5;31;48;5;74;22m \u001b[0;38;5;231;48;5;74m(e) tut \u001b[0;38;5;74;48;5;240;22m \u001b[0;38;5;250;48;5;240m~ \u001b[0;38;5;245;48;5;240;22m \u001b[0;38;5;250;48;5;240mdevel \u001b[0;38;5;245;48;5;240;22m \u001b[0;38;5;252;48;5;240;1mtutorial \u001b[0;38;5;240;49;22m \u001b[0m"
    ],
    [
      1.754596,
      "l"
    ],
    [
      0.070095,
      "s"
    ],
    [
      0.08849,
      " "
    ],
    [
      0.119532,
      "-"
    ],
    [
      0.079882,
      "a"
    ],
    [
      0.578158,
      "\r\n"
    ],
    [
      0.000559,
      "\u001b[0m\u001b[38;5;33m.\u001b[0m  \u001b[38;5;33m..\u001b[0m  \u001b[38;5;33m.leapp\u001b[0m  \u001b[38;5;33mtags\u001b[0m"
    ],
    [
      6.8e-05,
      "\r\n"
    ],
    [
      0.017223,
      "\u001b]777;notify;Command completed;ls -a\u0007\u001b]0;evilissimo@actor-developer:~/devel/tutorial\u0007\u001b]7;file://actor-developer/home/evilissimo/devel/tutorial\u0007"
    ],
    [
      0.001008,
      "\u001b[0;38;5;231;48;5;31;1m evilissimo \u001b[0;38;5;31;48;5;74;22m \u001b[0;38;5;231;48;5;74m(e) tut \u001b[0;38;5;74;48;5;240;22m \u001b[0;38;5;250;48;5;240m~ \u001b[0;38;5;245;48;5;240;22m \u001b[0;38;5;250;48;5;240mdevel \u001b[0;38;5;245;48;5;240;22m \u001b[0;38;5;252;48;5;240;1mtutorial \u001b[0;38;5;240;49;22m \u001b[0m"
    ],
    [
      1.499714,
      "l"
    ],
    [
      0.103897,
      "s"
    ],
    [
      0.088031,
      " "
    ],
    [
      0.207829,
      "t"
    ],
    [
      0.151423,
      "a"
    ],
    [
      0.112552,
      "g"
    ],
    [
      0.136145,
      "s"
    ],
    [
      0.424575,
      "\r\n"
    ],
    [
      0.00049,
      "scan.py"
    ],
    [
      6.1e-05,
      "\r\n"
    ],
    [
      0.015797,
      "\u001b]777;notify;Command completed;ls tags\u0007\u001b]0;evilissimo@actor-developer:~/devel/tutorial\u0007\u001b]7;file://actor-developer/home/evilissimo/devel/tutorial\u0007"
    ],
    [
      0.000965,
      "\u001b[0;38;5;231;48;5;31;1m evilissimo \u001b[0;38;5;31;48;5;74;22m \u001b[0;38;5;231;48;5;74m(e) tut \u001b[0;38;5;74;48;5;240;22m \u001b[0;38;5;250;48;5;240m~ \u001b[0;38;5;245;48;5;240;22m \u001b[0;38;5;250;48;5;240mdevel \u001b[0;38;5;245;48;5;240;22m \u001b[0;38;5;252;48;5;240;1mtutorial \u001b[0;38;5;240;49;22m \u001b[0m"
    ],
    [
      0.838449,
      "l"
    ],
    [
      0.06346,
      "s"
    ],
    [
      0.359572,
      "\b\u001b[K"
    ],
    [
      0.136424,
      "\b\u001b[K"
    ],
    [
      0.303217,
      "c"
    ],
    [
      0.112576,
      "a"
    ],
    [
      0.144379,
      "t"
    ],
    [
      0.087913,
      " "
    ],
    [
      0.095243,
      "t"
    ],
    [
      0.128175,
      "a"
    ],
    [
      0.104762,
      "g"
    ],
    [
      0.103937,
      "s"
    ],
    [
      0.32777,
      "/"
    ],
    [
      0.560308,
      "s"
    ],
    [
      0.06325,
      "c"
    ],
    [
      0.128299,
      "a"
    ],
    [
      0.111427,
      "n"
    ],
    [
      0.117086,
      ".py "
    ],
    [
      0.316421,
      "\r\n"
    ],
    [
      0.001173,
      "from leapp.tags import Tag"
    ],
    [
      7.2e-05,
      "\r\n"
    ],
    [
      5.6e-05,
      "\r\n"
    ],
    [
      5.2e-05,
      "\r\n"
    ],
    [
      5.4e-05,
      "class ScanTag(Tag):"
    ],
    [
      5.6e-05,
      "\r\n"
    ],
    [
      5.3e-05,
      "    name = 'scan'"
    ],
    [
      5.4e-05,
      "\r\n"
    ],
    [
      0.018511,
      "\u001b]777;notify;Command completed;cat tags/scan.py \u0007\u001b]0;evilissimo@actor-developer:~/devel/tutorial\u0007\u001b]7;file://actor-developer/home/evilissimo/devel/tutorial\u0007"
    ],
    [
      0.001146,
      "\u001b[0;38;5;231;48;5;31;1m evilissimo \u001b[0;38;5;31;48;5;74;22m \u001b[0;38;5;231;48;5;74m(e) tut \u001b[0;38;5;74;48;5;240;22m \u001b[0;38;5;250;48;5;240m~ \u001b[0;38;5;245;48;5;240;22m \u001b[0;38;5;250;48;5;240mdevel \u001b[0;38;5;245;48;5;240;22m \u001b[0;38;5;252;48;5;240;1mtutorial \u001b[0;38;5;240;49;22m \u001b[0m"
    ]
  ]
}