{
  "version": 1,
  "width": 80,
  "height": 24,
  "duration": 23.791418,
  "command": null,
  "title": null,
  "env": {
    "TERM": "xterm-256color",
    "SHELL": "/bin/bash"
  },
  "stdout": [
    [
      0.421241,
      "\u001b]777;notify;Command completed;snactor new-topic Scan\u0007\u001b]0;evilissimo@actor-developer:~/devel/tutorial\u0007\u001b]7;file://actor-developer/home/evilissimo/devel/tutorial\u0007"
    ],
    [
      0.001289,
      "\u001b[0;38;5;231;48;5;31;1m evilissimo \u001b[0;38;5;31;48;5;74;22m \u001b[0;38;5;231;48;5;74m(e) tut \u001b[0;38;5;74;48;5;240;22m \u001b[0;38;5;250;48;5;240m~ \u001b[0;38;5;245;48;5;240;22m \u001b[0;38;5;250;48;5;240mdevel \u001b[0;38;5;245;48;5;240;22m \u001b[0;38;5;252;48;5;240;1mtutorial \u001b[0;38;5;240;49;22m \u001b[0m"
    ],
    [
      1.817209,
      "s"
    ],
    [
      0.311811,
      "n"
    ],
    [
      0.239727,
      "a"
    ],
    [
      0.11237,
      "c"
    ],
    [
      0.168723,
      "t"
    ],
    [
      0.119276,
      "o"
    ],
    [
      0.055808,
      "r"
    ],
    [
      0.177126,
      " "
    ],
    [
      0.160569,
      "n"
    ],
    [
      0.070338,
      "e"
    ],
    [
      0.031783,
      "w"
    ],
    [
      0.295987,
      "-"
    ],
    [
      0.479794,
      "t"
    ],
    [
      0.112253,
      "o"
    ],
    [
      0.072237,
      "p"
    ],
    [
      0.200733,
      "i"
    ],
    [
      0.063045,
      "c"
    ],
    [
      0.168015,
      " "
    ],
    [
      0.71233,
      "-"
    ],
    [
      0.271878,
      "h"
    ],
    [
      0.178013,
      "\r\n"
    ],
    [
      3.0,
      "usage: snactor new-topic [-h] topic_name"
    ],
    [
      0.000103,
      "\r\n"
    ],
    [
      4.6e-05,
      "\r\n"
    ],
    [
      5.9e-05,
      "positional arguments:"
    ],
    [
      4.1e-05,
      "\r\n"
    ],
    [
      5.4e-05,
      "  topic_name"
    ],
    [
      7.6e-05,
      "\r\n"
    ],
    [
      6.2e-05,
      "\r\n"
    ],
    [
      4.8e-05,
      "optional arguments:"
    ],
    [
      4e-05,
      "\r\n"
    ],
    [
      4e-05,
      "  -h, --help  show this help message and exit"
    ],
    [
      3.6e-05,
      "\r\n"
    ],
    [
      0.042048,
      "\u001b]777;notify;Command completed;snactor new-topic -h\u0007\u001b]0;evilissimo@actor-developer:~/devel/tutorial\u0007\u001b]7;file://actor-developer/home/evilissimo/devel/tutorial\u0007"
    ],
    [
      0.001995,
      "\u001b[0;38;5;231;48;5;31;1m evilissimo \u001b[0;38;5;31;48;5;74;22m \u001b[0;38;5;231;48;5;74m(e) tut \u001b[0;38;5;74;48;5;240;22m \u001b[0;38;5;250;48;5;240m~ \u001b[0;38;5;245;48;5;240;22m \u001b[0;38;5;250;48;5;240mdevel \u001b[0;38;5;245;48;5;240;22m \u001b[0;38;5;252;48;5;240;1mtutorial \u001b[0;38;5;240;49;22m \u001b[0m"
    ],
    [
      3.0,
      "s"
    ],
    [
      0.168958,
      "n"
    ],
    [
      0.079168,
      "a"
    ],
    [
      0.063595,
      "c"
    ],
    [
      0.185167,
      "t"
    ],
    [
      0.110578,
      "o"
    ],
    [
      0.080152,
      "r"
    ],
    [
      0.200521,
      " "
    ],
    [
      0.399953,
      "n"
    ],
    [
      0.04771,
      "e"
    ],
    [
      0.08805,
      "w"
    ],
    [
      0.127866,
      "-"
    ],
    [
      0.114675,
      "t"
    ],
    [
      0.125327,
      "o"
    ],
    [
      0.0716,
      "p"
    ],
    [
      0.217694,
      "i"
    ],
    [
      0.086662,
      "c"
    ],
    [
      0.071715,
      " "
    ],
    [
      0.840634,
      "S"
    ],
    [
      0.183646,
      "y"
    ],
    [
      0.080015,
      "s"
    ],
    [
      0.071821,
      "t"
    ],
    [
      0.072367,
      "e"
    ],
    [
      0.079447,
      "m"
    ],
    [
      0.248514,
      "I"
    ],
    [
      0.168622,
      "n"
    ],
    [
      0.135225,
      "f"
    ],
    [
      0.072754,
      "o"
    ],
    [
      0.240634,
      "\r\n"
    ],
    [
      3.0,
      "New topic SystemInfo has been created in /home/evilissimo/devel/tutorial/topics/systeminfo.py"
    ],
    [
      0.000101,
      "\r\n"
    ],
    [
      0.039824,
      "\u001b]777;notify;Command completed;snactor new-topic SystemInfo\u0007\u001b]0;evilissimo@actor-developer:~/devel/tutorial\u0007\u001b]7;file://actor-developer/home/evilissimo/devel/tutorial\u0007"
    ],
    [
      0.001252,
      "\u001b[0;38;5;231;48;5;31;1m evilissimo \u001b[0;38;5;31;48;5;74;22m \u001b[0;38;5;231;48;5;74m(e) tut \u001b[0;38;5;74;48;5;240;22m \u001b[0;38;5;250;48;5;240m~ \u001b[0;38;5;245;48;5;240;22m \u001b[0;38;5;250;48;5;240mdevel \u001b[0;38;5;245;48;5;240;22m \u001b[0;38;5;252;48;5;240;1mtutorial \u001b[0;38;5;240;49;22m \u001b[0m"
    ],
    [
      0.661688,
      "c"
    ],
    [
      0.116876,
      "a"
    ],
    [
      0.138625,
      "t"
    ],
    [
      0.12091,
      " "
    ],
    [
      1.095278,
      "t"
    ],
    [
      0.112475,
      "p"
    ],
    [
      0.220395,
      "\u0007"
    ],
    [
      0.240669,
      "\u0007"
    ],
    [
      0.251101,
      "\b\u001b[K"
    ],
    [
      0.232014,
      "o"
    ],
    [
      0.125833,
      "pics/"
    ],
    [
      0.221156,
      "systeminfo.py "
    ],
    [
      0.469535,
      "\r\nfrom leapp.topics import Topic\r\n\r\n\r\nclass SystemInfoTopic(Topic):\r\n    name = 'system_info'\r\n"
    ],
    [
      0.023187,
      "\u001b]777;notify;Command completed;cat topics/systeminfo.py \u0007\u001b]0;evilissimo@actor-developer:~/devel/tutorial\u0007\u001b]7;file://actor-developer/home/evilissimo/devel/tutorial\u0007"
    ],
    [
      0.001039,
      "\u001b[0;38;5;231;48;5;31;1m evilissimo \u001b[0;38;5;31;48;5;74;22m \u001b[0;38;5;231;48;5;74m(e) tut \u001b[0;38;5;74;48;5;240;22m \u001b[0;38;5;250;48;5;240m~ \u001b[0;38;5;245;48;5;240;22m \u001b[0;38;5;250;48;5;240mdevel \u001b[0;38;5;245;48;5;240;22m \u001b[0;38;5;252;48;5;240;1mtutorial \u001b[0;38;5;240;49;22m \u001b[0m"
    ]
  ]
}